{"cameraMode":{"drawMode":0,"name":"Shaded","section":"Shading Mode"},"sceneLighting":true,"audioPlay":false,"sceneViewState":{"showFog":true,"showMaterialUpdate":false,"showSkybox":true,"showFlares":true,"showImageEffects":true,"showParticleSystems":true},"in2DMode":false,"pivot":{"x":8603.6025390625,"y":3563.58935546875,"z":-1945.32421875},"rotation":{"x":0.05512239784002304,"y":0.03803010284900665,"z":0.0021010655909776689,"w":-0.9977540373802185},"size":7948.8720703125,"orthographic":false}